title,genre,description
The Dark Knight,Action Crime Drama,A masked vigilante battles a psychopathic criminal mastermind who plunges Gotham City into chaos
Inception,Action Sci-Fi Thriller,A thief who enters dreams to steal secrets is given a chance to have his past crimes erased
Interstellar,Adventure Drama Sci-Fi,A team of explorers travels through a wormhole in space in an attempt to ensure humanity survival
The Matrix,Action Sci-Fi,A computer hacker discovers reality is a simulation and joins a rebellion against the machines
Avengers Endgame,Action Adventure Sci-Fi,The surviving heroes assemble to reverse the destruction caused by Thanos and restore balance to the universe
Iron Man,Action Adventure Sci-Fi,A billionaire inventor builds a powered armor suit and becomes a superhero to fight evil
The Godfather,Crime Drama,The aging patriarch of a crime dynasty transfers control of his empire to his reluctant son
Pulp Fiction,Crime Drama Thriller,Several interconnected stories of criminals and violence in Los Angeles
The Shawshank Redemption,Drama,A banker convicted of murder forms a friendship with a fellow prisoner over decades in prison
Forrest Gump,Drama Romance,The story of a simple man from Alabama who influences major historical events over several decades
Titanic,Drama Romance,A young aristocrat falls in love with a kind artist aboard the ill-fated voyage of the Titanic
The Notebook,Drama Romance,A young couple falls in love in the 1940s and their story is told through letters years later
Pride and Prejudice,Drama Romance,A spirited young woman navigates love manners and society in 19th century England
Goodfellas,Crime Drama,The story of Henry Hill and his life in the mob covering his childhood through his testimony against the mafia
Schindler List,Drama History War,A businessman saves the lives of more than a thousand Jewish refugees during the Holocaust
The Wolf of Wall Street,Biography Crime Drama,Based on the true story of Jordan Belfort a stockbroker who engages in corruption and fraud on Wall Street
Fight Club,Drama Thriller,An office worker and a soap salesman build a network of underground fighting clubs that evolves into something more
Se7en,Crime Mystery Thriller,Two detectives hunt a serial killer who uses the seven deadly sins as his motives
Silence of the Lambs,Crime Horror Thriller,A young FBI agent enlists the help of imprisoned cannibal Hannibal Lecter to catch another serial killer
Get Out,Horror Mystery Thriller,A Black man visits his white girlfriend family and discovers terrifying secrets hidden beneath the surface
The Conjuring,Horror Mystery,Two paranormal investigators help a family terrorized by a dark presence in their farmhouse
A Quiet Place,Drama Horror Sci-Fi,A family struggles to survive in a post-apocalyptic world inhabited by blind monsters with acute hearing
Avengers Infinity War,Action Adventure Sci-Fi,The Avengers and their allies must be willing to sacrifice all in an attempt to defeat Thanos
Captain America Civil War,Action Adventure Sci-Fi,A disagreement between Iron Man and Captain America causes a rift among the Avengers
Black Panther,Action Adventure Sci-Fi,A newly crowned king of the hidden African nation of Wakanda must defend his country from an enemy from his past
Spider-Man No Way Home,Action Adventure Sci-Fi,Peter Parker seeks help from Doctor Strange to erase the world memory of his secret identity
Doctor Strange,Action Adventure Fantasy Sci-Fi,A former neurosurgeon embarks on a journey of healing and becomes a powerful sorcerer
Thor Ragnarok,Action Adventure Comedy Sci-Fi,Thor must escape from a gladiatorial contest and save his home planet Asgard from an all-powerful villain
Guardians of the Galaxy,Action Adventure Comedy Sci-Fi,A group of intergalactic criminals are forced to work together to stop a fanatical warrior bent on galactic genocide
The Avengers,Action Adventure Sci-Fi,Earth mightiest heroes must come together to stop Loki and his alien army from enslaving humanity
Toy Story,Animation Adventure Comedy,A cowboy doll is threatened by the arrival of a new spaceman action figure and must find a way to coexist
Finding Nemo,Animation Adventure Comedy,A clownfish searches the ocean to find his missing son with help from a friendly but forgetful fish
The Lion King,Animation Adventure Drama,A lion cub prince flees his kingdom only to learn the true meaning of responsibility and bravery
Up,Animation Adventure Comedy Drama,A widowed old man embarks on an adventure to South America in a house lifted by thousands of balloons
WALL-E,Animation Adventure Sci-Fi,A small waste-collecting robot falls in love and embarks on an intergalactic journey that changes the fate of Earth
Inside Out,Animation Adventure Comedy Drama,A girl navigates her emotions personified as characters during a major life change
Coco,Animation Adventure Fantasy,A young boy travels to the Land of the Dead to uncover the mystery of his familys ban on music
Frozen,Animation Adventure Comedy,A princess sets off on an adventure with a mountaineer to find her magical sister and save their kingdom
Moana,Animation Adventure,A Polynesian chief daughter is chosen by the ocean to unite an ancient power and save her people
The Incredibles,Animation Action Adventure,A family of superheroes living in suburbia must save the world from a villainous mastermind
Harry Potter and the Sorcerers Stone,Adventure Fantasy,A young boy discovers he is a wizard on his eleventh birthday and begins his education at Hogwarts School
The Lord of the Rings Fellowship of the Ring,Adventure Drama Fantasy,A young hobbit and his companions begin a dangerous journey to destroy a powerful ring
The Lord of the Rings The Two Towers,Adventure Drama Fantasy,Frodo and Sam continue their quest to destroy the ring while their friends fight a great battle at Helm Deep
The Lord of the Rings Return of the King,Adventure Drama Fantasy,Aragorn leads the forces of good against Sauron while Frodo and Sam reach Mount Doom to destroy the ring
Star Wars A New Hope,Action Adventure Fantasy Sci-Fi,A farm boy joins rebels to rescue a princess and destroy a massive space weapon threatening the galaxy
Star Wars The Empire Strikes Back,Action Adventure Fantasy Sci-Fi,The rebels are overpowered by the Empire while a young hero learns more about the Force from a legendary Jedi
Jurassic Park,Adventure Sci-Fi Thriller,Scientists clone dinosaurs for a theme park but the creatures escape and chaos ensues
Back to the Future,Adventure Comedy Sci-Fi,A teenager is accidentally sent thirty years into the past in a time-traveling car and must ensure his parents meet
The Hunger Games,Action Adventure Sci-Fi,A brave girl volunteers in place of her sister for a televised survival competition in a dystopian future
Divergent,Action Adventure Sci-Fi,A young woman in a dystopian future discovers she does not fit into any one societal faction
Blade Runner 2049,Drama Mystery Sci-Fi Thriller,A young blade runner uncovers a secret that could plunge society into chaos and leads him to find a predecessor
Arrival,Drama Mystery Sci-Fi,A linguist is recruited to communicate with alien spacecraft that have landed around the world
Gravity,Adventure Drama Sci-Fi Thriller,Two astronauts struggle to survive after their shuttle is destroyed by debris in orbit around Earth
The Martian,Adventure Drama Sci-Fi,An astronaut becomes stranded on Mars and must use his ingenuity to survive until a rescue can be arranged
Whiplash,Drama Music,A young drummer pursues perfection under the abusive mentorship of a ruthless instructor
La La Land,Comedy Drama Music Romance,A jazz musician and an aspiring actress fall in love in Los Angeles while pursuing their dreams
Bohemian Rhapsody,Biography Drama Music,The story of the legendary British rock band Queen and lead singer Freddie Mercury
Rocketman,Biography Drama Music,The life and career of legendary musician Elton John from his childhood to his rise to fame
The Greatest Showman,Biography Drama Music,The story of P T Barnum and his rise to fame as a showman who created a world of wonders
Joker,Crime Drama Thriller,A failed comedian and mentally ill man descends into madness and becomes a criminal in Gotham City
Oppenheimer,Biography Drama History,The story of J Robert Oppenheimer and his role in the development of the atomic bomb during World War II
Dune,Adventure Drama Sci-Fi,A noble family becomes embroiled in a war for control of the most valuable resource in the universe on a desert planet
Everything Everywhere All at Once,Action Comedy Drama Sci-Fi,A middle-aged Chinese immigrant is swept up in an adventure to save the multiverse by connecting with the lives she could have led
Parasite,Comedy Drama Thriller,A poor family schemes to become employed by a wealthy family and infiltrate their household
No Country for Old Men,Crime Drama Thriller,A hunter stumbles upon drug money and is pursued by a merciless killer while a sheriff investigates the violence
The Departed,Crime Drama Thriller,An undercover cop and a mole in the police force attempt to identify each other while infiltrating an Irish gang in Boston
Knives Out,Comedy Crime Drama Mystery,A detective investigates the death of a patriarch of an eccentric wealthy family
Gone Girl,Drama Mystery Thriller,A man becomes the prime suspect in his wife mysterious disappearance on their fifth wedding anniversary
Prisoners,Crime Drama Mystery Thriller,When two little girls disappear a desperate father takes matters into his own hands while a detective investigates
The Prestige,Drama Mystery Sci-Fi Thriller,Two stage magicians engage in a bitter rivalry and try to create the ultimate illusion while sacrificing everything they have
Memento,Mystery Thriller,A man with short-term memory loss uses notes and tattoos to hunt down his wife murderer
Gladiator,Action Adventure Drama,A Roman general is betrayed and his family murdered by a corrupt prince who then becomes Emperor
300,Action Drama History War,A Spartan king leads his elite force of three hundred warriors against a massive Persian army at the Battle of Thermopylae
Braveheart,Action Biography Drama History War,A Scottish warrior leads his nation in a war for independence against the cruel English king
Saving Private Ryan,Drama History War,A group of US soldiers go behind enemy lines to retrieve a paratrooper whose brothers have been killed in action
1917,Drama History War Thriller,Two British soldiers are sent on a dangerous mission across enemy territory to deliver a message that could save 1600 lives
Dunkirk,Action Drama History Thriller War,Allied soldiers from Belgium the British Empire and France are surrounded by the German Army and evacuated during a fierce battle
Hacksaw Ridge,Biography Drama History War,The true story of Desmond Doss who served as a combat medic during World War II refusing to carry a weapon on religious grounds
Mad Max Fury Road,Action Adventure Sci-Fi Thriller,In a post-apocalyptic wasteland a woman rebels against a tyrannical ruler in search of her homeland with the help of a group of female prisoners
John Wick,Action Crime Thriller,An ex-hitman comes out of retirement to track down the gangsters who killed his dog a gift from his recently deceased wife
Top Gun Maverick,Action Drama,After thirty years Maverick is still pushing the envelope as a top naval aviator and must train a group of graduates for a specialized mission
Avatar,Action Adventure Fantasy Sci-Fi,A paraplegic marine dispatched to the moon Pandora falls in love with a native and is torn between following his orders and protecting the alien world
Alien,Horror Sci-Fi Thriller,After a space merchant vessel receives an unknown transmission as a distress call the crew discovers a deadly extraterrestrial creature
Terminator 2 Judgment Day,Action Sci-Fi Thriller,A cyborg is sent back in time to protect the future leader of the human resistance from a more advanced killing machine
The Social Network,Biography Drama,The founding of Facebook and the resulting legal battles between the co-founders of the social networking website
Good Will Hunting,Drama Romance,A janitor at MIT has a gift for mathematics but needs help from a psychologist to find direction in life
Dead Poets Society,Drama,An English teacher at a boys preparatory school inspires his students through his teaching of poetry to seize the day
The Truman Show,Comedy Drama Sci-Fi,An insurance salesman discovers his entire life has been a television show and he is the unwitting star
Her,Drama Romance Sci-Fi,A lonely writer develops an unlikely relationship with an artificial intelligence designed to meet his every need
Ex Machina,Drama Mystery Sci-Fi Thriller,A young programmer is selected to participate in an experiment to test an advanced humanoid robot with artificial intelligence
2001 A Space Odyssey,Adventure Mystery Sci-Fi,After discovering a mysterious artifact buried beneath the Lunar surface a spacecraft travels to Jupiter to find its origins
Eternal Sunshine of the Spotless Mind,Drama Romance Sci-Fi,A couple undergo a medical procedure to erase each other from their memories after their relationship turns sour
A Beautiful Mind,Biography Drama,After a brilliant but asocial mathematician accepts secret work in cryptography his life takes a dramatic change
Requiem for a Dream,Drama,The drug-induced utopias of four Coney Island people are shattered when their addictions become stronger
Rogue One,Action Adventure Sci-Fi,A group of rebels on a desperate mission to steal the plans to the Empire ultimate weapon the Death Star
Mission Impossible Fallout,Action Adventure Thriller,Ethan Hunt and his IMF team race against time after a mission goes wrong allowing a group of terrorists to acquire a set of plutonium cores
Ocean Eleven,Comedy Crime Thriller,Danny Ocean and his ten accomplices plan to rob three Las Vegas casinos simultaneously
Deadpool,Action Comedy Sci-Fi,A former Special Forces operative turned mercenary is subjected to a rogue experiment that leaves him with accelerated healing powers
Logan,Action Drama Sci-Fi,In the future a weary Logan cares for an ailing Professor X somewhere on the Mexican border but Logan must help a young mutant girl
The Grand Budapest Hotel,Adventure Comedy Crime Drama,The adventures of the legendary concierge of a famous European hotel between the wars and his protege and friendship with a young guest
Knives Out,Comedy Crime Drama Mystery,A detective investigates the death of a patriarch of an eccentric wealthy family
Zodiac,Crime Drama Mystery Thriller,In the late 1960s the Zodiac Killer terrorizes the San Francisco Bay Area and is investigated by detectives and a political cartoonist
Nightcrawler,Crime Drama Thriller,A driven young man who discovers the high-speed world of L.A. crime journalism
Rocky,Drama Sport,A small-time boxer gets a once-in-a-lifetime chance to fight the heavyweight champion in a bout in which he strives to go the distance
The Big Short,Biography Comedy Drama,In 2006-2007 a group of investors bet against the US mortgage market and question the decision of the large banks
Dil Chahta Hai,Comedy Drama Romance,Three best friends have different attitudes towards love and life and their friendship is tested as they grow up and fall in love
Dilwale Dulhania Le Jayenge,Drama Romance,A young man and woman fall in love on a trip through Europe but the woman is already engaged to a man her father has chosen
3 Idiots,Comedy Drama,Two friends embark on a quest for a lost buddy and reminisce about their college days and the lessons their unique friend taught them
PK,Comedy Drama Sci-Fi,An alien lands on Earth and sets out on a mission to find the remote that has been stolen from him by a stranger
Dangal,Action Biography Drama Sport,Former wrestler Mahavir Singh Phogat trains his daughters to become world class wrestlers despite social opposition
Bajrangi Bhaijaan,Adventure Comedy Drama,An Indian man with a kind heart takes a mute Pakistani girl lost in India on a journey to reunite her with her family in Pakistan
Lagaan,Drama History Musical Sport,During Victorian era British India villagers stake the fate of their entire community on a cricket match against the British
Sholay,Action Adventure Drama,Two criminals are hired by a retired police officer to capture a ruthless dacoit terrorizing his village
Gangs of Wasseypur,Action Crime Drama Thriller,A clash between a powerful coal mafia and the families trying to overthrow it spans across three generations
Andhadhun,Crime Music Mystery Thriller,A series of mysterious events change the life of a blind pianist who must contend with the murder of a film actor
Taare Zameen Par,Drama Family,An eight year old boy who has dyslexia struggles in school until a new art teacher helps him discover his true potential
Queen,Adventure Comedy Drama,A naive Delhi girl decides to go on her honeymoon alone after her fiance calls off their wedding
Zindagi Na Milegi Dobara,Adventure Comedy Drama,Three friends take a road trip across Spain going on adventures and confronting their personal issues along the way
Gully Boy,Drama Music,A young man from the slums of Mumbai chases his dream of becoming a rap musician against all odds
Raazi,Drama Spy Thriller,An eighteen year old Kashmiri girl is married off to a Pakistani army officer and becomes a spy for the Indian government
URI The Surgical Strike,Action Drama War,Indian army conducts a covert operation in retaliation for a terrorist attack on an Indian army base in Uri
Drishyam,Crime Drama Mystery Thriller,A man goes to extreme lengths to protect his family from the investigation of a crime they have committed
Andaz Apna Apna,Comedy Romance,Two rivals scheme to marry a rich heiress but end up competing against each other as well as various other characters
Hum Dil De Chuke Sanam,Drama Music Romance,A woman falls in love with a musician against her father wishes but is forced to marry another man who then helps her reunite with her love
Devdas,Drama Romance,A young man separated from his childhood sweetheart by family and society turns to alcohol and a courtesan for solace
Mughal E Azam,Drama History Romance War,A Mughal prince falls in love with a court dancer but his father the Emperor opposes their union
Kal Ho Naa Ho,Comedy Drama Romance,A terminally ill man changes the lives of a sad woman and her family and friends bringing them joy and love
Kabhi Khushi Kabhie Gham,Drama Family Romance,A wealthy man disowns his adopted son for marrying a girl of lower status years later the son attempts a reconciliation
Jab We Met,Comedy Drama Romance,A sad businessman and a talkative girl meet on a train and embark on a journey that changes their lives forever
Rockstar,Drama Music Romance,A young man from Delhi pursues his music career and falls in love with a rich girl becoming a rockstar while facing heartbreak
Gangs of Wasseypur 2,Action Crime Drama Thriller,The blood feud between the Qureshi and Khan families continues as Faizal Khan plots revenge against Ramadhir Singh
Tumbbad,Fantasy Horror Mystery Thriller,A man discovers a treasure trove hidden by Hastar a deity in the mythology of his village and becomes obsessed with it
Stree,Comedy Horror Mystery,A small town is terrorized by a female ghost who abducts men and a group of friends try to protect themselves and their town
Bajirao Mastani,Action Drama History Romance War,A Maratha warrior falls in love with a princess and fights battles both on the battlefield and in his personal life
Padmaavat,Action Drama History Romance War,Queen Padmavati is married to a noble Rajput king who is challenged by the sultan of Delhi who desires her
RRR,Action Adventure Drama,Two legendary revolutionaries raise arms against the British colonial rule in 1920 India in an epic fictional tale
Baahubali The Beginning,Action Adventure Drama Fantasy,A young man is raised by a tribe and discovers his true heritage as he fights to reclaim his kingdom from a tyrant
KGF Chapter 1,Action Crime Drama Thriller,A gangster rises to power in the Kolar Gold Fields and his story is told by a journalist to a politician decades later
Pathaan,Action Spy Thriller,An exiled spy returns to India to protect the country from a deadly terrorist attack by a vengeful former agent
